target_te,sharpe,ir_vs_market,max_drawdown,volatility,active_return,turnover
0.03,1.105626024320591,0.3386260243205911,-9.974317142568982,8.670288539161161,-103.41526725504488,0.023387668320340185
