target_te,sharpe,ir_vs_market,max_drawdown,volatility,active_return,turnover
0.03,0.9319694916736044,0.16496949167360442,-26.71242746735049,14.320396703159057,13.384420971227428,0.012048192771084338
