target_te,sharpe,ir_vs_market,max_drawdown,volatility,active_return,turnover
0.03,0.4709356792830071,-0.2960643207169929,-33.71726814924658,16.69216381018767,-177.5181319849139,0.1686746987951807
